date,goods_name,len_p,len_n,min_p,min_n,m_p,m_n,max_p,min_n
2015-06-08/2015-06-14,oil0,1,1.0,59100,48.309179,59100,48.309179,59100,48.309179
2015-06-08/2015-06-14,oil93,340,340.0,59500,3.181818,62000,31.496063,63000,68.70229
2015-06-08/2015-06-14,oil97,122,122.0,62300,7.9136690000000005,68000,42.553191,69500,79.020979
2015-06-08/2015-06-14,oil98,8,8.0,73000,13.071895,73600,38.1853785,73600,56.788512
2015-06-08/2015-06-14,国五0#车用柴油,12,12.0,57000,32.57329,58900,43.859649000000005,61400,254.66893
2015-06-08/2015-06-14,国五92#车用汽油,435,435.0,57000,1.536098,62900,33.103448,68000,85.139319
2015-06-08/2015-06-14,国五95#车用汽油,153,153.0,62000,4.255319,69000,43.417367,74000,92.21902
2015-06-08/2015-06-14,国五98#车用汽油,29,29.0,67600,12.690355,78800,51.677852,78800,73.604061
2015-06-15/2015-06-21,oil0,4,4.0,59100,16.10306,59100,24.154589,61100,32.206119
2015-06-15/2015-06-21,oil93,495,495.0,59500,4.5454550000000005,62000,31.496063,63000,555.402736
2015-06-15/2015-06-21,oil97,175,175.0,65500,6.993007,68000,41.958042,68500,82.517483
2015-06-15/2015-06-21,oil98,6,6.0,73500,26.143791,73550,42.127425,73600,65.359477
2015-06-15/2015-06-21,国五0#车用柴油,22,22.0,57000,16.977929,61400,41.776493,61900,258.481422
2015-06-15/2015-06-21,国五92#车用汽油,662,662.0,57000,1.536098,63250,31.394460000000002,68000,87.719298
2015-06-15/2015-06-21,国五95#车用汽油,224,224.0,62000,1.40056,68400,40.6462585,73500,79.36507900000001
2015-06-15/2015-06-21,国五98#车用汽油,41,41.0,71500,13.422819,78800,45.685279,78800,91.878173
2015-06-22/2015-06-28,oil0,8,8.0,58100,1.610306,61100,24.1545895,61100,64.412238
2015-06-22/2015-06-28,oil93,493,493.0,59500,3.333333,62000,31.496063,63000,121.580547
2015-06-22/2015-06-28,oil97,171,171.0,65500,6.293705999999999,68500,41.958042,68500,86.713287
2015-06-22/2015-06-28,oil98,16,16.0,73500,13.071895,73500,48.776272500000005,73600,92.810458
2015-06-22/2015-06-28,国五0#车用柴油,14,14.0,58900,9.693052999999999,61400,49.8968605,61900,284.329564
2015-06-22/2015-06-28,国五92#车用汽油,631,631.0,56900,1.597444,60900,31.866464,68000,98.245614
2015-06-22/2015-06-28,国五95#车用汽油,229,229.0,62000,1.440922,68400,40.816327,73500,97.61904799999999
2015-06-22/2015-06-28,国五98#车用汽油,29,29.0,67600,11.42132,78800,50.761421,78800,84.390863
2015-06-29/2015-07-05,oil0,5,5.0,59100,1.610306,61100,16.10306,61100,64.412238
2015-06-29/2015-07-05,oil93,342,342.0,59500,7.598783999999999,62000,31.914894,63000,333.54330699999997
2015-06-29/2015-07-05,oil97,122,122.0,65500,3.4965029999999997,68500,41.958042,68500,74.965035
2015-06-29/2015-07-05,oil98,9,9.0,73500,26.143791,73500,48.302872,74100,58.823529
2015-06-29/2015-07-05,国五0#车用柴油,16,16.0,57000,3.231018,61400,34.864997,61900,226.171244
2015-06-29/2015-07-05,国五92#车用汽油,451,451.0,56900,1.536098,62900,31.545740999999996,68000,94.637224
2015-06-29/2015-07-05,国五95#车用汽油,146,146.0,62000,1.587302,68000,40.0639415,74000,1441.0294119999999
2015-06-29/2015-07-05,国五98#车用汽油,10,10.0,67600,14.792898999999998,78800,42.1954315,78800,73.604061
2015-07-06/2015-07-12,oil0,8,8.0,58300,16.10306,61100,32.206119,61100,64.412238
2015-07-06/2015-07-12,oil93,195,195.0,57500,4.615385,62000,32.131661,65800,107.69230800000001
2015-07-06/2015-07-12,oil97,87,87.0,63500,3.571429,66800,42.432815000000005,68500,95.714286
2015-07-06/2015-07-12,oil98,4,4.0,72000,24.836601,72750,42.915578999999994,73600,72.930667
2015-07-06/2015-07-12,国五0#车用柴油,10,10.0,57000,16.155089,61400,58.06359950000001,61600,438.596491
2015-07-06/2015-07-12,国五92#车用汽油,378,378.0,53500,1.526718,62450,32.467532,65600,495.305164
2015-07-06/2015-07-12,国五95#车用汽油,138,138.0,62000,1.41844,67500,42.016807,71500,100.93167700000001
2015-07-06/2015-07-12,国五98#车用汽油,3,3.0,71500,35.167784999999995,71500,40.268456,71500,40.268456
2015-07-13/2015-07-19,oil0,8,8.0,59000,13.934426,61100,16.10306,61100,161.030596
2015-07-13/2015-07-19,oil93,321,321.0,57500,4.107425,61300,32.0,62300,107.69230800000001
2015-07-13/2015-07-19,oil97,137,137.0,63500,3.633721,67000,42.857143,69500,83.092486
2015-07-13/2015-07-19,oil98,8,8.0,72000,27.888446000000002,72000,59.2058435,73300,74.666667
2015-07-13/2015-07-19,国五0#车用柴油,37,37.0,51700,16.977929,59000,48.859935,61400,338.29787200000004
2015-07-13/2015-07-19,国五92#车用汽油,635,635.0,55900,1.754386,63900,31.796502,65600,487.86039500000004
2015-07-13/2015-07-19,国五95#车用汽油,215,215.0,62000,2.1008400000000003,69400,42.016807,71500,81.42857099999999
2015-07-13/2015-07-19,国五98#车用汽油,14,14.0,67600,33.986928000000006,75700,55.70400050000001,75700,74.509804
2015-07-20/2015-07-26,oil0,5,5.0,56000,16.10306,61100,48.309179,61100,84.325464
2015-07-20/2015-07-26,oil93,329,329.0,55000,1.901743,58100,34.369885,62300,112.0
2015-07-20/2015-07-26,oil97,122,122.0,61000,3.016591,65000,41.462951000000004,67700,88.235294
2015-07-20/2015-07-26,oil98,11,11.0,70000,8.219178,70300,53.424657999999994,72700,82.191781
2015-07-20/2015-07-26,京五92#汽油,15,15.0,54100,16.18123,54300,18.484288,61800,70.902394
2015-07-20/2015-07-26,京五95#汽油,3,3.0,58100,16.920474,59100,17.211704,59100,50.761421
2015-07-20/2015-07-26,国五0#车用柴油,29,29.0,51700,12.116317,58900,51.194539,61600,144.31239399999998
2015-07-20/2015-07-26,国五92#车用汽油,605,605.0,55900,1.536098,62500,31.796502,68000,371.22416499999997
2015-07-20/2015-07-26,国五95#车用汽油,220,220.0,62000,2.449568,69400,40.636764,72300,85.14285699999999
2015-07-20/2015-07-26,国五98#车用汽油,13,13.0,67600,3.137255,75700,51.409396,75700,93.464052
2015-07-27/2015-08-02,oil0,3,3.0,56000,16.10306,61100,32.206119,61100,100.0
2015-07-27/2015-08-02,oil93,353,353.0,55000,1.584786,58100,33.333333,61100,112.0
2015-07-27/2015-08-02,oil97,116,116.0,61000,7.589394,64000,43.859649,65400,102.941176
2015-07-27/2015-08-02,oil98,16,16.0,70000,13.642565,70300,23.8744885,70300,90.41095899999999
2015-07-27/2015-08-02,京五92#汽油,78,78.0,54100,0.184843,54100,36.968577,61800,72.088725
2015-07-27/2015-08-02,京五95#汽油,6,6.0,58100,33.840948,58100,48.6230635,59100,120.481928
2015-07-27/2015-08-02,国五0#车用柴油,22,22.0,51700,17.064846,58750,51.525525,61900,154.738878
2015-07-27/2015-08-02,国五92#车用汽油,540,540.0,54300,2.396166,62900,31.42575,68000,95.599393
2015-07-27/2015-08-02,国五95#车用汽油,188,188.0,59300,0.704225,69400,42.016807,74000,84.317032
2015-07-27/2015-08-02,国五98#车用汽油,14,14.0,63900,2.6455029999999997,75700,44.295302,75700,78.042328
2015-08-03/2015-08-09,oil0,5,5.0,54200,13.986014,61000,32.206119,61100,59.01639300000001
2015-08-03/2015-08-09,oil93,441,441.0,53000,3.094463,56500,34.482759,60100,131.147541
2015-08-03/2015-08-09,oil97,159,159.0,59000,5.303030000000001,63000,40.204678,69500,119.69697
2015-08-03/2015-08-09,oil98,16,16.0,68000,13.69863,69500,54.452055,70300,88.267394
2015-08-03/2015-08-09,京五92#汽油,131,131.0,54100,8.371385,54100,36.968577,65700,86.887836
2015-08-03/2015-08-09,京五95#汽油,21,21.0,58100,14.449213,58100,43.02926,70000,70.91221999999999
2015-08-03/2015-08-09,国五0#车用柴油,28,28.0,51700,16.155089,61100,53.2761215,61900,288.46153799999996
2015-08-03/2015-08-09,国五92#车用汽油,654,654.0,54300,1.526718,60900,31.446540999999996,68000,76.33587800000001
2015-08-03/2015-08-09,国五95#车用汽油,242,242.0,59300,2.836879,69200,39.215686,72300,86.134454
2015-08-03/2015-08-09,国五98#车用汽油,13,13.0,67600,12.820513,75700,43.624161,78000,81.69934599999999
2015-08-10/2015-08-16,oil0,5,5.0,53700,1.610306,54200,54.347826,61100,100.0
2015-08-10/2015-08-16,oil93,420,420.0,50700,3.257329,56500,34.482759,58400,131.147541
2015-08-10/2015-08-16,oil97,140,140.0,59000,2.255639,62500,40.9552215,63500,109.09090900000001
2015-08-10/2015-08-16,oil98,11,11.0,68000,14.084507,68000,14.084507,69000,66.197183
2015-08-10/2015-08-16,京五92#汽油,153,153.0,54100,3.949447,61300,31.595577000000002,65700,92.421442
2015-08-10/2015-08-16,京五95#汽油,37,37.0,58100,17.211704,70000,34.423408,70000,71.42857099999999
2015-08-10/2015-08-16,国五0#车用柴油,18,18.0,51700,1.9230770000000001,58400,46.956739,61400,245.647969
2015-08-10/2015-08-16,国五92#车用汽油,602,602.0,54300,1.068702,60900,31.974441,68000,81.034483
2015-08-10/2015-08-16,国五95#车用汽油,204,204.0,59300,1.41844,69400,40.795494000000005,72300,86.556028
2015-08-10/2015-08-16,国五98#车用汽油,11,11.0,63900,23.474178,71500,52.287582,75700,65.359477
2015-08-17/2015-08-23,oil0,10,10.0,51900,16.10306,61100,25.431417500000002,61100,65.884477
2015-08-17/2015-08-23,oil93,430,430.0,49000,1.628664,55500,34.3364025,58400,151.260504
2015-08-17/2015-08-23,oil97,149,149.0,57500,9.6,61500,42.519684999999996,64500,1503.7593980000001
2015-08-17/2015-08-23,oil98,9,9.0,66000,14.492754000000001,66300,30.30303,68200,92.352092
2015-08-17/2015-08-23,京五0#车用柴油,1,1.0,62400,16.025641,62400,16.025641,62400,16.025641
2015-08-17/2015-08-23,京五92#汽油,199,199.0,54100,2.957486,55600,33.175354999999996,65700,91.627172
2015-08-17/2015-08-23,京五95#汽油,30,30.0,58100,17.211704,69950,45.214286,70000,75.903614
2015-08-17/2015-08-23,国五0#车用柴油,29,29.0,51700,16.977929,58900,47.058824,61900,242.326333
2015-08-17/2015-08-23,国五92#车用汽油,639,639.0,54300,1.132018,60900,31.545740999999996,65600,91.754386
2015-08-17/2015-08-23,国五95#车用汽油,198,198.0,59300,1.587302,69400,37.776387,74000,78.37445600000001
2015-08-17/2015-08-23,国五98#车用汽油,18,18.0,67600,2.8758169999999996,75700,39.215686,75700,83.660131
2015-08-24/2015-08-30,oil0,8,8.0,49900,16.10306,52150,36.603417,61100,161.030596
2015-08-24/2015-08-30,oil93,482,482.0,49000,6.106195,55500,35.087719,56700,176.470588
2015-08-24/2015-08-30,oil97,138,138.0,57500,11.591963,60850,42.0598425,64500,98.03921600000001
2015-08-24/2015-08-30,oil98,9,9.0,66000,1.443001,66300,36.075036,69200,79.36507900000001
2015-08-24/2015-08-30,京五92#汽油,201,201.0,54100,1.848429,54100,28.650646999999996,65700,631.9115320000001
2015-08-24/2015-08-30,京五95#汽油,40,40.0,58100,3.9586919999999997,70000,37.9285715,70000,77.452668
2015-08-24/2015-08-30,国五0#车用柴油,43,43.0,51700,1.615509,59900,41.450777,61900,281.098546
2015-08-24/2015-08-30,国五92#车用汽油,734,734.0,54300,1.536098,60900,31.107739000000002,68000,350.87719300000003
2015-08-24/2015-08-30,国五95#车用汽油,239,239.0,59300,1.690141,68400,42.016807,71500,128.88198799999998
2015-08-24/2015-08-30,国五98#车用汽油,15,15.0,63900,2.18254,75600,40.268456,75700,80.536913
2015-08-24/2015-08-30,国四93#车用汽油,1,1.0,55600,8.992806,55600,8.992806,55600,8.992806
2015-08-31/2015-09-06,oil0,7,7.0,50900,1.610306,54600,18.552876,61100,48.309179
2015-08-31/2015-09-06,oil93,464,464.0,48000,1.675042,54850,35.131799,57700,170.940171
2015-08-31/2015-09-06,oil97,129,129.0,56500,2.318393,60100,43.02044,64500,71.233974
2015-08-31/2015-09-06,oil98,12,12.0,65000,14.705882,65500,43.703845,67200,97.402597
2015-08-31/2015-09-06,京五92#汽油,268,268.0,54100,1.579779,55600,27.726433,65700,97.156398
2015-08-31/2015-09-06,京五95#汽油,41,41.0,58100,13.253012,58100,23.063682999999997,70000,55.077453000000006
2015-08-31/2015-09-06,国五0#车用柴油,29,29.0,51700,15.280135999999999,61100,45.602606,61900,116.05415900000001
2015-08-31/2015-09-06,国五92#车用汽油,770,770.0,54300,1.536098,60900,31.298904999999998,65600,120.689655
2015-08-31/2015-09-06,国五95#车用汽油,257,257.0,59300,1.41844,69000,37.099494,74000,68.767507
2015-08-31/2015-09-06,国五98#车用汽油,8,8.0,71500,26.143791,75700,39.215686,75700,52.941176
2015-08-31/2015-09-06,国四93#车用汽油,1,1.0,55600,17.985612,55600,17.985612,55600,17.985612
2015-08-31/2015-09-06,国四97#车用汽油,2,2.0,59200,16.891892000000002,59200,33.783784000000004,59200,50.675676
2015-09-07/2015-09-13,oil0,11,11.0,50400,3.4879230000000003,52800,31.25,61100,321.73913
2015-09-07/2015-09-13,oil93,462,462.0,48000,1.7035779999999998,54700,34.234234,56000,170.940171
2015-09-07/2015-09-13,oil97,131,131.0,56500,6.644518,60100,43.548387,64500,95.91195
2015-09-07/2015-09-13,oil98,12,12.0,65100,14.705882,65300,50.6980435,69200,65.7
2015-09-07/2015-09-13,京五92#汽油,266,266.0,53700,1.848429,54100,31.595577000000002,65700,94.78673
2015-09-07/2015-09-13,京五95#汽油,41,41.0,58100,7.745267,58100,37.142857,70000,105.0
2015-09-07/2015-09-13,国五0#车用柴油,38,38.0,51700,16.155089,60500,39.42462999999999,61900,195.439739
2015-09-07/2015-09-13,国五92#车用汽油,772,772.0,54300,1.536098,60900,30.959752,68000,381.679389
2015-09-07/2015-09-13,国五95#车用汽油,271,271.0,59300,1.134752,69400,34.674352,74000,80.10118
2015-09-07/2015-09-13,国五98#车用汽油,20,20.0,63900,1.342282,73000,43.464051999999995,75700,70.422535
2015-09-07/2015-09-13,国四93#车用汽油,5,5.0,55600,17.985612,55600,26.978416999999997,55600,35.971222999999995
2015-09-07/2015-09-13,国四97#车用汽油,2,2.0,59200,50.675676,59200,59.121622,59200,67.56756800000001
2015-09-14/2015-09-20,oil0,19,19.0,47800,3.220612,52800,36.231884,61100,83.682008
2015-09-14/2015-09-20,oil93,599,599.0,50000,2.491103,55400,34.188034,56600,341.880342
2015-09-14/2015-09-20,oil97,142,142.0,56500,1.572327,60650,43.3909445,64500,94.488189
2015-09-14/2015-09-20,oil98,7,7.0,65100,14.492754000000001,66000,47.895501,67900,60.144928
2015-09-14/2015-09-20,京五0#车用柴油,1,1.0,51800,18.587360999999998,51800,18.587360999999998,51800,18.587360999999998
2015-09-14/2015-09-20,京五92#汽油,311,311.0,53700,1.848429,54100,31.595577000000002,65700,94.78673
2015-09-14/2015-09-20,京五95#汽油,53,53.0,58100,6.446281,60500,36.741214,70000,74.010327
2015-09-14/2015-09-20,国五0#车用柴油,34,34.0,51700,10.638297999999999,58900,44.903846,61900,242.326333
2015-09-14/2015-09-20,国五92#车用汽油,864,864.0,54300,1.536098,60900,30.9971175,68000,76.33587800000001
2015-09-14/2015-09-20,国五95#车用汽油,302,302.0,59300,1.41844,69400,31.746032,72300,86.308123
2015-09-14/2015-09-20,国五98#车用汽油,18,18.0,63900,26.143791,75700,40.641756,78000,77.124183
2015-09-14/2015-09-20,国四0#车用柴油,1,1.0,57900,33.670034,57900,33.670034,57900,33.670034
2015-09-14/2015-09-20,国四93#车用汽油,22,22.0,55600,3.194888,61100,21.582734000000002,61100,47.923322999999996
2015-09-14/2015-09-20,国四97#车用汽油,5,5.0,59200,20.27027,59200,29.673591,65900,67.56756800000001
2015-09-21/2015-09-27,oil0,20,20.0,51600,1.639344,53300,32.786885,59400,271.317829
2015-09-21/2015-09-27,oil93,655,655.0,48700,1.934236,55400,34.188034,56600,80.70175400000001
2015-09-21/2015-09-27,oil97,159,159.0,57000,2.857143,60700,41.269841,63112,80.85714300000001
2015-09-21/2015-09-27,oil98,10,10.0,65500,43.478260999999996,66000,59.1219095,66000,88.235294
2015-09-21/2015-09-27,京五92#汽油,369,369.0,53700,0.7898890000000001,54100,30.769231,66700,81.35861
2015-09-21/2015-09-27,京五95#汽油,61,61.0,58100,1.652893,58100,34.423408,71000,75.714286
2015-09-21/2015-09-27,国五0#车用柴油,33,33.0,51700,1.754386,59000,38.772213,61900,232.108317
2015-09-21/2015-09-27,国五92#车用汽油,866,866.0,54300,1.083591,60900,30.534351,68000,110.497238
2015-09-21/2015-09-27,国五95#车用汽油,303,303.0,59300,1.9718310000000001,69400,35.391566,71500,114.89361699999999
2015-09-21/2015-09-27,国五98#车用汽油,20,20.0,67600,12.820513,75600,37.423520499999995,78000,80.026455
2015-09-21/2015-09-27,国四0#车用柴油,1,1.0,57900,50.505051,57900,50.505051,57900,50.505051
2015-09-21/2015-09-27,国四93#车用汽油,54,54.0,55500,5.291005,56700,30.463489000000003,61100,59.082892
2015-09-21/2015-09-27,国四97#车用汽油,13,13.0,59200,16.420361,60900,32.840722,65900,79.72973
2015-09-21/2015-09-27,沪五0#车用柴油,2,2.0,58700,247.11696899999998,58700,313.01482699999997,58700,378.912685
2015-09-21/2015-09-27,沪五92#汽油,8,8.0,61000,24.390244,61000,32.520325,61000,104.06504100000001
2015-09-28/2015-10-04,oil0,10,10.0,46000,1.639344,52200,28.343023000000002,59400,70.833333
2015-09-28/2015-10-04,oil93,346,346.0,44700,2.313167,55500,33.670034,56500,85.365854
2015-09-28/2015-10-04,oil97,94,94.0,58000,3.284072,60700,34.244485,62000,75.396825
2015-09-28/2015-10-04,oil98,3,3.0,66000,19.565217,66000,57.971014000000004,66000,59.42029
2015-09-28/2015-10-04,京五92#汽油,229,229.0,53700,3.142329,54100,27.736132,66700,79.304897
2015-09-28/2015-10-04,京五95#汽油,28,28.0,58100,14.285714000000002,60500,28.134093999999997,71000,61.445783
2015-09-28/2015-10-04,国五0#车用柴油,17,17.0,51700,16.155089,58000,50.888529999999996,61900,171.890145
2015-09-28/2015-10-04,国五92#车用汽油,482,482.0,50500,1.526718,60900,30.349014,68000,303.490137
2015-09-28/2015-10-04,国五95#车用汽油,164,164.0,59300,2.766252,69400,30.120482,72300,72.56894
2015-09-28/2015-10-04,国五98#车用汽油,13,13.0,63900,1.30719,72000,46.597633,75700,61.073826000000004
2015-09-28/2015-10-04,国四93#车用汽油,36,36.0,55500,8.818342,56700,26.455026,56700,61.151079
2015-09-28/2015-10-04,国四97#车用汽油,10,10.0,59200,16.420361,60900,33.312253,65900,61.57635500000001
2015-09-28/2015-10-04,沪五92#汽油,3,3.0,61000,16.260163000000002,61000,16.260163000000002,61000,32.520325
2015-09-28/2015-10-04,沪五95#汽油,1,1.0,66200,29.985007,66200,29.985007,66200,29.985007
2015-10-05/2015-10-11,oil0,12,12.0,50600,9.057971,52750,34.509384499999996,59400,65.57377
2015-10-05/2015-10-11,oil93,462,462.0,44700,4.292929,55700,33.670034,57400,63.829268000000006
2015-10-05/2015-10-11,oil97,105,105.0,57000,7.936508,61200,33.898305,62000,81.833061
2015-10-05/2015-10-11,oil98,6,6.0,66000,28.985507000000002,66000,47.138329,67900,75.0
2015-10-05/2015-10-11,京五0#车用柴油,2,2.0,51800,18.587360999999998,51800,40.4275095,51800,62.267658
2015-10-05/2015-10-11,京五92#汽油,324,324.0,53700,3.696858,54100,28.188539999999996,66700,70.91561899999999
2015-10-05/2015-10-11,京五95#汽油,55,55.0,58100,14.285714000000002,60500,28.901734,71000,83.58714
2015-10-05/2015-10-11,国五0#车用柴油,26,26.0,51700,5.181347,59400,44.505044,61900,192.307692
2015-10-05/2015-10-11,国五92#车用汽油,666,666.0,50500,1.517451,60900,30.7083175,68000,1754.210526
2015-10-05/2015-10-11,国五95#车用汽油,207,207.0,59300,1.4084510000000001,68500,35.211268,72300,83.333333
2015-10-05/2015-10-11,国五98#车用汽油,15,15.0,70500,13.071895,75700,39.215686,75700,78.431373
2015-10-05/2015-10-11,国四0#车用柴油,7,7.0,52500,33.670034,57900,50.505051,57900,84.175084
2015-10-05/2015-10-11,国四93#车用汽油,38,38.0,55500,3.194888,56700,35.180544,61100,53.956835
2015-10-05/2015-10-11,国四97#车用汽油,5,5.0,59200,32.840722,60900,33.783784000000004,60900,49.261084000000004
2015-10-05/2015-10-11,沪五0#车用柴油,1,1.0,58700,32.948929,58700,32.948929,58700,32.948929
2015-10-05/2015-10-11,沪五92#汽油,6,6.0,61000,20.162602,61000,32.520325,61000,32.520325
2015-10-12/2015-10-18,oil0,15,15.0,49000,0.9328360000000001,59400,29.508196999999996,59400,65.57377
2015-10-12/2015-10-18,oil93,551,551.0,44700,0.175439,55500,32.456140000000005,56500,63.508772
2015-10-12/2015-10-18,oil97,185,185.0,59100,1.5527950000000001,61200,31.746032,62000,90.838509
2015-10-12/2015-10-18,oil98,10,10.0,66000,31.029412,66000,44.235502,67900,84.202899
2015-10-12/2015-10-18,京五0#车用柴油,4,4.0,51800,16.750419,59700,25.1256285,59700,40.892193
2015-10-12/2015-10-18,京五92#汽油,397,397.0,53700,3.5120150000000003,54100,30.716724,66700,76.30161600000001
2015-10-12/2015-10-18,京五95#汽油,81,81.0,58100,0.169205,60500,40.495868,71000,77.452668
2015-10-12/2015-10-18,国五0#车用柴油,25,25.0,51700,8.986971,59900,48.465267,61900,324.149109
2015-10-12/2015-10-18,国五92#车用汽油,898,898.0,53500,1.517451,60900,30.534351,68000,441.640379
2015-10-12/2015-10-18,国五95#车用汽油,259,259.0,59300,1.4084510000000001,68500,30.120482,74000,78.635015
2015-10-12/2015-10-18,国五98#车用汽油,20,20.0,67600,16.993464000000003,71500,48.6973155,78000,81.04575200000001
2015-10-12/2015-10-18,国四0#车用柴油,4,4.0,53200,37.593984999999996,55550,53.448014,57900,84.175084
2015-10-12/2015-10-18,国四93#车用汽油,43,43.0,52200,7.98722,56700,35.273369,61100,63.492063
2015-10-12/2015-10-18,国四97#车用汽油,9,9.0,59200,16.891892000000002,60900,33.783784000000004,60900,59.1133
2015-10-12/2015-10-18,沪五92#汽油,39,39.0,61000,15.797788,62300,31.595577000000002,62300,63.191153
2015-10-12/2015-10-18,沪五95#汽油,2,2.0,66200,29.985007,67350,43.0500575,68500,56.115108
2015-10-19/2015-10-25,oil0,21,21.0,44250,16.065573999999998,52700,35.971222999999995,59400,1639.3442619999998
2015-10-19/2015-10-25,oil93,593,593.0,44700,0.175439,55900,34.188034,58700,69.401709
2015-10-19/2015-10-25,oil97,200,200.0,57000,1.54321,61400,36.7579055,63300,107.08661399999998
2015-10-19/2015-10-25,oil98,11,11.0,66000,14.705882,66000,36.764706,68300,72.56894
2015-10-19/2015-10-25,京五92#汽油,374,374.0,53700,3.142329,55600,30.742977500000002,66700,81.33086899999999
2015-10-19/2015-10-25,京五95#汽油,71,71.0,58100,6.024096,60500,33.057851,71000,77.68595
2015-10-19/2015-10-25,国五0#车用柴油,42,42.0,51700,8.103728,59400,34.0719455,61900,135.396518
2015-10-19/2015-10-25,国五92#车用汽油,907,907.0,53500,0.169205,60900,30.58104,68000,1748.421053
2015-10-19/2015-10-25,国五95#车用汽油,261,261.0,58700,1.4084510000000001,68400,35.994398,74000,113.86861299999998
2015-10-19/2015-10-25,国五98#车用汽油,25,25.0,67600,13.071895,75500,39.215686,78000,79.36507900000001
2015-10-19/2015-10-25,国四0#车用柴油,2,2.0,57900,53.030303,57900,68.6026935,57900,84.175084
2015-10-19/2015-10-25,国四93#车用汽油,62,62.0,52200,1.597444,56700,35.0798305,61100,83.453237
2015-10-19/2015-10-25,国四97#车用汽油,16,16.0,55400,14.836795,60050,36.101083,65900,67.56756800000001
2015-10-19/2015-10-25,沪五92#汽油,44,44.0,61000,1.579779,62300,31.595577000000002,62300,58.451817000000005
2015-10-19/2015-10-25,沪五95#汽油,5,5.0,68500,28.776978000000003,68500,28.776978000000003,68500,58.27338100000001
2015-10-26/2015-11-01,oil0,7,7.0,44800,17.985612,52700,43.668122,59400,55.970149
2015-10-26/2015-11-01,oil93,557,557.0,45100,1.672241,56300,34.188034,58700,81.670175
2015-10-26/2015-11-01,oil97,163,163.0,57000,1.628664,61600,32.520325,64000,94.308943
2015-10-26/2015-11-01,oil98,17,17.0,66000,28.860028999999997,66400,47.619048,68300,60.51873199999999
2015-10-26/2015-11-01,京五0#车用柴油,3,3.0,51800,33.500838,51800,55.76208199999999,59700,74.34944200000001
2015-10-26/2015-11-01,京五92#汽油,320,320.0,52000,1.848429,55600,29.685266499999997,65700,89.766607
2015-10-26/2015-11-01,京五95#汽油,52,52.0,58100,8.460237,62600,18.450479,71000,64.285714
2015-10-26/2015-11-01,国五0#车用柴油,33,33.0,51700,8.547009,59900,48.465267,61900,486.223663
2015-10-26/2015-11-01,国五92#车用汽油,907,907.0,53500,1.536098,62400,31.034483,68000,86.750789
2015-10-26/2015-11-01,国五95#车用汽油,300,300.0,58400,1.4084510000000001,69400,35.714286,71500,77.639752
2015-10-26/2015-11-01,国五98#车用汽油,27,27.0,67600,26.143791,75700,44.869281,78000,84.31952700000001
2015-10-26/2015-11-01,国四0#车用柴油,3,3.0,55900,17.889088,57900,47.811448,57900,76.599327
2015-10-26/2015-11-01,国四93#车用汽油,46,46.0,52200,1.851852,55600,33.118939499999996,61100,54.629630000000006
2015-10-26/2015-11-01,国四97#车用汽油,6,6.0,55400,33.783784000000004,57300,41.7870035,59200,54.151625
2015-10-26/2015-11-01,沪五0#车用柴油,2,2.0,60500,48.780488,60500,73.170732,60500,97.560976
2015-10-26/2015-11-01,沪五92#汽油,51,51.0,61000,5.691057,62300,31.595577000000002,62300,66.666667
2015-10-26/2015-11-01,沪五95#汽油,4,4.0,66200,28.776978000000003,68500,30.880243,68500,57.553957
2015-11-02/2015-11-08,oil0,12,12.0,49000,1.0,52050,36.697247999999995,998400,66.05504599999999
2015-11-02/2015-11-08,oil93,634,634.0,44100,2.5510200000000003,55800,32.142857,58700,71.42857099999999
2015-11-02/2015-11-08,oil97,160,160.0,57000,3.1397169999999996,60700,39.654088,64000,74.56828900000001
2015-11-02/2015-11-08,oil98,15,15.0,48300,18.903592,51900,37.037037,67300,65.885798
2015-11-02/2015-11-08,京五92#汽油,198,198.0,54100,1.8771330000000002,55600,18.771331,66700,67.681895
2015-11-02/2015-11-08,京五95#汽油,34,34.0,58100,15.974441,62600,17.571885,66100,60.585198
2015-11-02/2015-11-08,国五0#车用柴油,52,52.0,51700,8.488964,60750,38.573128999999994,61900,366.720517
2015-11-02/2015-11-08,国五92#车用汽油,989,989.0,53500,0.9649120000000001,62400,30.349014,68000,123.966877
2015-11-02/2015-11-08,国五95#车用汽油,312,312.0,58700,1.470588,69400,33.726813,74000,78.151261
2015-11-02/2015-11-08,国五98#车用汽油,33,33.0,66000,1.503759,75500,40.268456,75700,79.738562
2015-11-02/2015-11-08,国四0#车用柴油,1,1.0,57900,134.680135,57900,134.680135,57900,134.680135
2015-11-02/2015-11-08,国四93#车用汽油,73,73.0,52200,5.910543,54500,33.388982,61100,67.103571
2015-11-02/2015-11-08,国四97#车用汽油,7,7.0,55400,32.047478000000005,60900,36.101083,65900,68.144499
2015-11-02/2015-11-08,沪五0#车用柴油,2,2.0,60500,32.520325,60500,32.520325,60500,32.520325
2015-11-02/2015-11-08,沪五92#汽油,48,48.0,57300,7.898894,62300,31.595577000000002,62300,54.47154499999999
2015-11-02/2015-11-08,沪五95#汽油,1,1.0,68500,21.582734,68500,21.582734,68500,21.582734
2015-11-09/2015-11-15,oil0,26,26.0,18400,1.0,50750,42.754563,998400,116.50485400000001
2015-11-09/2015-11-15,oil93,520,520.0,44100,0.176056,55800,34.188034,57700,170.940171
2015-11-09/2015-11-15,oil97,180,180.0,57000,1.5698590000000001,60700,40.811389500000004,62000,85.03936999999999
2015-11-09/2015-11-15,oil98,17,17.0,49800,18.903592,65300,40.769231,66500,67.49634
2015-11-09/2015-11-15,京五92#汽油,153,153.0,54100,3.5120150000000003,59100,33.726813,66700,73.012939
2015-11-09/2015-11-15,京五95#汽油,32,32.0,58100,12.678288,63100,38.2960415,71000,71.104387
2015-11-09/2015-11-15,国五0#车用柴油,48,48.0,49900,3.508772,58900,48.439645,61900,227.80140600000001
2015-11-09/2015-11-15,国五92#车用汽油,890,890.0,53500,1.517451,62450,30.58104,68000,440.06069800000006
2015-11-09/2015-11-15,国五95#车用汽油,307,307.0,58700,2.380952,68400,36.144578,74000,86.330523
2015-11-09/2015-11-15,国五98#车用汽油,27,27.0,63900,15.649451999999998,75500,42.48366,78000,64.18300699999999
2015-11-09/2015-11-15,国四0#车用柴油,3,3.0,52500,33.670034,57900,50.505051,57900,92.59259300000001
2015-11-09/2015-11-15,国四93#车用汽油,60,60.0,52200,8.928571,54500,33.928571000000005,61100,70.143885
2015-11-09/2015-11-15,国四97#车用汽油,16,16.0,55400,14.836795,60000,46.1065545,65900,78.98894200000001
2015-11-09/2015-11-15,沪五0#车用柴油,5,5.0,58700,16.260163000000002,58700,32.948929,60500,46.128501
2015-11-09/2015-11-15,沪五92#汽油,57,57.0,57300,4.065041000000001,62300,31.595577000000002,62300,58.536584999999995
2015-11-09/2015-11-15,沪五95#汽油,5,5.0,64500,28.776978000000003,68500,43.165468,68500,57.364341
2015-11-16/2015-11-22,oil0,16,16.0,18400,1.0,49800,39.354240000000004,52200,125.52301299999999
2015-11-16/2015-11-22,oil93,516,516.0,48400,1.72117,55100,34.482759,57700,341.880342
2015-11-16/2015-11-22,oil97,174,174.0,56000,1.7391299999999998,60000,42.3015875,62000,86.190476
2015-11-16/2015-11-22,oil98,30,30.0,49200,14.705882,64500,43.923865,66600,84.44444399999999
2015-11-16/2015-11-22,京五92#汽油,111,111.0,52000,4.066543,59100,33.840948,66700,59.704251
2015-11-16/2015-11-22,京五95#汽油,12,12.0,58100,14.084507,64600,44.4836975,71000,70.20602199999999
2015-11-16/2015-11-22,国五0#车用柴油,69,69.0,51700,9.259259,58500,42.003231,61900,358.642973
2015-11-16/2015-11-22,国五92#车用汽油,1025,1025.0,48500,1.517451,61900,30.377668,68000,349.04014
2015-11-16/2015-11-22,国五95#车用汽油,358,358.0,58400,2.0829880000000003,68400,36.323225,74000,88.85542199999999
2015-11-16/2015-11-22,国五98#车用汽油,19,19.0,63900,13.071895,75500,53.691275,75700,130.718954
2015-11-16/2015-11-22,国四93#车用汽油,56,56.0,52200,1.754386,54500,32.0458695,61100,55.555556
2015-11-16/2015-11-22,国四97#车用汽油,9,9.0,56400,15.748031,60000,34.843206,63500,73.98374
2015-11-16/2015-11-22,沪五0#车用柴油,2,2.0,58700,43.902439,60100,108.4421585,61500,172.981878
2015-11-16/2015-11-22,沪五92#汽油,44,44.0,57300,8.130081,62300,31.595577000000002,62300,52.356021000000005
2015-11-16/2015-11-22,沪五95#汽油,6,6.0,64500,11.510791000000001,68500,39.56834549999999,68500,46.511628
2015-11-23/2015-11-29,oil0,18,18.0,18400,36.6171,45600,61.88959700000001,51800,155.0
2015-11-23/2015-11-29,oil93,490,490.0,48400,8.605852,55100,35.026270000000004,57100,258.62068999999997
2015-11-23/2015-11-29,oil97,186,186.0,57000,7.936508,60000,42.857143,61500,158.73015900000001
2015-11-23/2015-11-29,oil98,23,23.0,50100,18.382353,64500,44.444444,66000,77.925926
2015-11-23/2015-11-29,京五92#汽油,114,114.0,52000,1.6923080000000001,59100,33.499266,66700,84.602369
2015-11-23/2015-11-29,京五95#汽油,19,19.0,58100,16.920474,59100,39.619651,71000,68.846816
2015-11-23/2015-11-29,国五0#车用柴油,77,77.0,45700,16.155089,58500,46.904315000000004,61900,1655.6291390000001
2015-11-23/2015-11-29,国五92#车用汽油,997,997.0,48500,0.154799,62400,30.349014,68000,72.14953299999999
2015-11-23/2015-11-29,国五95#车用汽油,325,325.0,57800,1.424501,69000,33.726813,74000,364.963504
2015-11-23/2015-11-29,国五98#车用汽油,23,23.0,63900,1.329787,75500,43.478260999999996,75700,73.202614
2015-11-23/2015-11-29,国四0#车用柴油,4,4.0,49100,42.929293,55200,78.28282850000001,57900,141.129032
2015-11-23/2015-11-29,国四93#车用汽油,61,61.0,52200,0.178571,54500,26.785714000000002,61100,59.649122999999996
2015-11-23/2015-11-29,国四97#车用汽油,11,11.0,59200,16.891892000000002,60000,32.840722,65900,53.333332999999996
2015-11-23/2015-11-29,沪五0#车用柴油,3,3.0,58700,16.260163000000002,58700,16.474465,60500,558.4843490000001
2015-11-23/2015-11-29,沪五92#汽油,60,60.0,57300,2.053712,62300,31.153961000000002,62300,54.101222
2015-11-23/2015-11-29,沪五95#汽油,2,2.0,64500,14.992504,65350,35.7908255,66200,56.589147
2015-11-30/2015-12-06,oil0,23,23.0,18400,20.833333,45700,50.0,56000,150.0
2015-11-30/2015-12-06,oil93,464,464.0,47200,0.350877,54000,35.939629,56500,96.491228
2015-11-30/2015-12-06,oil97,165,165.0,55700,1.709402,58700,40.650407,61500,91.452991
2015-11-30/2015-12-06,oil98,27,27.0,47300,18.039216,50000,31.372549,64500,80.484115
2015-11-30/2015-12-06,京五92#汽油,78,78.0,52000,12.17656,59100,33.783880499999995,66700,60.913706000000005
2015-11-30/2015-12-06,京五95#汽油,11,11.0,58100,15.128592999999999,66100,30.257185999999997,66100,48.411497999999995
2015-11-30/2015-12-06,国五0#车用柴油,74,74.0,49900,4.846527,58650,48.1639745,61900,231.98594
2015-11-30/2015-12-06,国五92#车用汽油,934,934.0,48500,1.6051360000000001,60900,30.349014,68000,80.96828000000001
2015-11-30/2015-12-06,国五95#车用汽油,297,297.0,58400,1.41844,68500,34.985423,74000,143.557423
2015-11-30/2015-12-06,国五98#车用汽油,18,18.0,63900,13.071895,74250,42.135183999999995,75700,68.75816999999999
2015-11-30/2015-12-06,国四93#车用汽油,40,40.0,53000,1.754386,55550,33.388982,59900,62.85714300000001
2015-11-30/2015-12-06,国四97#车用汽油,8,8.0,56400,14.836795,61650,33.6817655,65900,66.666667
2015-11-30/2015-12-06,沪五92#汽油,31,31.0,57300,4.065041000000001,62300,31.595577000000002,62300,45.375218
2015-11-30/2015-12-06,沪五95#汽油,3,3.0,64500,31.007752000000004,66200,43.165468,68500,55.472264
2015-12-07/2015-12-13,oil0,21,21.0,18400,2.5,48600,57.312253000000005,56000,200.0
2015-12-07/2015-12-13,oil93,447,447.0,47200,1.754386,54000,35.087719,55900,877.192982
2015-12-07/2015-12-13,oil97,164,164.0,54500,3.076923,58700,35.980551,60300,88.68243199999999
2015-12-07/2015-12-13,oil98,31,31.0,48200,1.960784,50000,36.308623,64500,84.72012099999999
2015-12-07/2015-12-13,京五92#汽油,70,70.0,54100,3.696858,59100,33.840948,65700,76.103501
2015-12-07/2015-12-13,京五95#汽油,12,12.0,58100,4.302926,64600,43.819649999999996,71000,102.065404
2015-12-07/2015-12-13,国五0#车用柴油,53,53.0,49900,12.317666000000001,58000,52.504039,61900,484.652666
2015-12-07/2015-12-13,国五92#车用汽油,927,927.0,48500,1.517451,60900,30.58104,68000,1754.210526
2015-12-07/2015-12-13,国五95#车用汽油,300,300.0,58400,1.40056,68400,37.863214,74000,580.31746
2015-12-07/2015-12-13,国五98#车用汽油,22,22.0,63900,13.071895,75500,39.215686,76500,73.202614
2015-12-07/2015-12-13,国四0#车用柴油,3,3.0,55900,35.778175,55900,54.919499,57900,58.922559
2015-12-07/2015-12-13,国四93#车用汽油,49,49.0,53000,1.754386,54500,29.285714000000002,61100,52.338128999999995
2015-12-07/2015-12-13,国四97#车用汽油,5,5.0,56400,16.891892000000002,59200,50.406504,63300,63.191153
2015-12-07/2015-12-13,沪五0#车用柴油,2,2.0,58700,16.474465,58700,24.711697,58700,32.948929
2015-12-07/2015-12-13,沪五92#汽油,21,21.0,57300,13.821138000000001,61000,27.642276000000003,62300,44.233807
2015-12-07/2015-12-13,沪五95#汽油,6,6.0,64500,2.2488759999999997,67350,44.838548,68500,50.359712
2015-12-14/2015-12-20,oil0,22,22.0,18400,1.0,46700,38.774253,51200,103.73444
2015-12-14/2015-12-20,oil93,455,455.0,47200,2.669039,54000,35.087719,55900,175.438596
2015-12-14/2015-12-20,oil97,191,191.0,55700,2.644628,58700,40.842788,60300,121.367521
2015-12-14/2015-12-20,oil98,35,35.0,46300,3.968254,50400,41.407866999999996,64500,75.642965
2015-12-14/2015-12-20,京五92#汽油,82,82.0,54100,2.033272,59100,33.840948,65700,76.103501
2015-12-14/2015-12-20,京五95#汽油,10,10.0,58100,15.128592999999999,66100,33.0967265,66100,56.732224
2015-12-14/2015-12-20,国五0#车用柴油,71,71.0,49900,16.155089,59900,37.037037,61900,347.682119
2015-12-14/2015-12-20,国五92#车用汽油,1000,1000.0,48500,1.526718,60900,30.349014,68000,121.495327
2015-12-14/2015-12-20,国五95#车用汽油,287,287.0,55500,1.430615,68400,37.369436,74000,180.18018
2015-12-14/2015-12-20,国五98#车用汽油,19,19.0,67600,13.071895,75500,43.478260999999996,76500,80.392157
2015-12-14/2015-12-20,国四0#车用柴油,1,1.0,54000,185.18518500000002,54000,185.18518500000002,54000,185.18518500000002
2015-12-14/2015-12-20,国四93#车用汽油,37,37.0,53000,8.347245,55600,33.388982,61100,55.35714300000001
2015-12-14/2015-12-20,国四97#车用汽油,6,6.0,59200,31.595577000000002,60900,33.312253,63300,52.606635
2015-12-14/2015-12-20,沪五0#车用柴油,1,1.0,58700,510.708402,58700,510.708402,58700,510.708402
2015-12-14/2015-12-20,沪五92#汽油,33,33.0,57300,15.797788,62300,31.595577000000002,62300,57.591623
2015-12-14/2015-12-20,沪五95#汽油,3,3.0,66200,22.488756,68500,23.021583,68500,46.043165
2015-12-21/2015-12-27,oil0,20,20.0,18400,34.040619,46700,60.220861,56700,263.690871
2015-12-21/2015-12-27,oil93,388,388.0,47200,1.8148819999999999,54000,35.087719,55900,105.263158
2015-12-21/2015-12-27,oil97,144,144.0,49000,15.0,58700,41.092653,60000,77.79578599999999
2015-12-21/2015-12-27,oil98,30,30.0,45700,5.952381,53200,41.167229,64500,69.69697
2015-12-21/2015-12-27,京五92#汽油,82,82.0,54100,3.881701,59100,33.840948,65700,74.450085
2015-12-21/2015-12-27,京五95#汽油,8,8.0,58100,25.380710999999998,61100,39.944246,66100,56.259905
2015-12-21/2015-12-27,国五0#车用柴油,66,66.0,50300,5.093379,61100,41.37513,61900,326.978998
2015-12-21/2015-12-27,国五92#车用汽油,948,948.0,48500,0.350877,60900,30.349014,68000,1754.210526
2015-12-21/2015-12-27,国五95#车用汽油,276,276.0,57800,1.424501,68100,36.3893595,71400,97.972973
2015-12-21/2015-12-27,国五98#车用汽油,18,18.0,67600,14.792898999999998,75350,39.215686,75700,57.51634
2015-12-21/2015-12-27,国四0#车用柴油,1,1.0,57900,20.20202,57900,20.20202,57900,20.20202
2015-12-21/2015-12-27,国四90#车用汽油,1,1.0,48500,31.958763,48500,31.958763,48500,31.958763
2015-12-21/2015-12-27,国四93#车用汽油,29,29.0,53000,6.070288,55600,35.087719,61100,64.285714
2015-12-21/2015-12-27,国四97#车用汽油,5,5.0,59200,30.236486,60000,47.393365,63300,52.03252
2015-12-21/2015-12-27,沪五0#车用柴油,2,2.0,58700,32.948929,58700,32.948929,58700,32.948929
2015-12-21/2015-12-27,沪五92#汽油,56,56.0,57300,1.579779,62300,31.595577000000002,62300,93.206951
2015-12-21/2015-12-27,沪五95#汽油,3,3.0,64500,29.985007,64500,60.465116,66200,65.891473
2015-12-28/2016-01-03,oil0,29,29.0,18400,5.0,18400,50.0,49600,228.21576800000003
2015-12-28/2016-01-03,oil93,411,411.0,47200,1.8832389999999999,54000,35.240741,55900,87.719298
2015-12-28/2016-01-03,oil97,160,160.0,53900,6.482982,58700,40.30169600000001,60000,74.796748
2015-12-28/2016-01-03,oil98,20,20.0,48200,3.9215690000000003,50450,30.392157,64500,78.668684
2015-12-28/2016-01-03,京五92#汽油,73,73.0,54100,3.696858,59100,33.840948,65700,57.868019999999994
2015-12-28/2016-01-03,京五95#汽油,7,7.0,58100,14.084507,66100,45.385779,71000,66.565809
2015-12-28/2016-01-03,国五0#车用柴油,50,50.0,51700,16.155089,59900,45.9947515,61900,346.707106
2015-12-28/2016-01-03,国五92#车用汽油,874,874.0,53500,1.517451,60600,30.349014,68000,1754.385965
2015-12-28/2016-01-03,国五95#车用汽油,290,290.0,58400,1.40056,67900,32.15374,74000,90.361446
2015-12-28/2016-01-03,国五98#车用汽油,15,15.0,67600,2.352941,74500,26.183432,76500,71.489362
2015-12-28/2016-01-03,国四0#车用柴油,1,1.0,57900,50.505051,57900,50.505051,57900,50.505051
2015-12-28/2016-01-03,国四93#车用汽油,24,24.0,53000,17.543860000000002,55550,33.6587765,61100,44.912281
2015-12-28/2016-01-03,国四97#车用汽油,4,4.0,56400,32.840722,60050,59.276098999999995,65900,87.837838
2015-12-28/2016-01-03,沪五0#车用柴油,5,5.0,58700,16.260163000000002,60500,41.186161,61500,102.14168000000001
2015-12-28/2016-01-03,沪五92#汽油,18,18.0,57300,15.797788,62300,31.595577000000002,62300,63.191153
2015-12-28/2016-01-03,沪五95#汽油,5,5.0,68500,14.388489000000002,68500,28.776978000000003,68500,40.28777
2016-01-04/2016-01-10,oil0,20,20.0,18400,5.0,48850,53.5171105,49600,224.06638999999998
2016-01-04/2016-01-10,oil93,409,409.0,48600,1.291513,54000,35.460993,56500,140.350877
2016-01-04/2016-01-10,oil97,168,168.0,55700,14.58671,58700,43.674937,60300,84.717608
2016-01-04/2016-01-10,oil98,24,24.0,47300,3.047619,50500,31.622574999999998,64800,80.181543
2016-01-04/2016-01-10,京五92#汽油,56,56.0,54100,3.5120150000000003,59100,33.840948,65700,65.989848
2016-01-04/2016-01-10,京五95#汽油,11,11.0,58100,30.974643,63100,42.360061,66100,54.462934999999995
2016-01-04/2016-01-10,国五0#车用柴油,63,63.0,51700,1.623377,59900,44.230769,61900,179.613357
2016-01-04/2016-01-10,国五92#车用汽油,1004,1004.0,48500,1.6051360000000001,60750,30.694669,65900,175.263158
2016-01-04/2016-01-10,国五95#车用汽油,257,257.0,58500,1.4285709999999998,68100,36.414566,71400,131.46299
2016-01-04/2016-01-10,国五98#车用汽油,24,24.0,63900,4.96732,75550,40.5228755,76500,72.54902
2016-01-04/2016-01-10,国四0#车用柴油,1,1.0,57900,33.670034,57900,33.670034,57900,33.670034
2016-01-04/2016-01-10,国四93#车用汽油,22,22.0,53000,12.962963,54500,26.971132,61100,64.464286
2016-01-04/2016-01-10,国四97#车用汽油,1,1.0,56400,44.599303000000006,56400,44.599303000000006,56400,44.599303000000006
2016-01-04/2016-01-10,沪五0#车用柴油,5,5.0,58700,16.260163000000002,60500,65.04065,60500,130.081301
2016-01-04/2016-01-10,沪五92#汽油,30,30.0,57300,15.797788,61000,30.647709,62300,63.191153
2016-01-04/2016-01-10,沪五95#汽油,1,1.0,68500,14.388489000000002,68500,14.388489000000002,68500,14.388489000000002
2016-01-11/2016-01-17,oil0,17,17.0,18400,5.0,46600,50.0,51200,288.270378
2016-01-11/2016-01-17,oil93,418,418.0,47500,2.631579,52800,35.842294,55600,500.900901
2016-01-11/2016-01-17,oil97,155,155.0,54500,4.2372879999999995,57500,37.852113,60000,83.61204000000001
2016-01-11/2016-01-17,oil98,11,11.0,46300,6.944444,50600,30.487804999999998,64500,60.606061
2016-01-11/2016-01-17,京五92#汽油,59,59.0,54100,2.957486,59100,29.985007,66700,55.452865
2016-01-11/2016-01-17,京五95#汽油,6,6.0,58100,34.423408,64600,45.147891,69900,52.193646
2016-01-11/2016-01-17,国五0#车用柴油,51,51.0,51700,11.954766000000001,60400,35.541195,61900,347.682119
2016-01-11/2016-01-17,国五92#车用汽油,895,895.0,48500,1.517451,60600,30.349014,65900,164.20361200000002
2016-01-11/2016-01-17,国五95#车用汽油,279,279.0,58400,1.424501,68100,32.379518,71400,77.089337
2016-01-11/2016-01-17,国五98#车用汽油,25,25.0,68600,1.699346,75500,41.37931,78000,512.820513
2016-01-11/2016-01-17,国四0#车用柴油,3,3.0,57900,25.252525,58300,25.466893,58900,168.94198
2016-01-11/2016-01-17,国四93#车用汽油,17,17.0,53000,9.259259,54500,35.273369,61100,37.037037
2016-01-11/2016-01-17,国四97#车用汽油,2,2.0,60900,31.496063,62200,32.168392499999996,63500,32.840722
2016-01-11/2016-01-17,沪五0#车用柴油,3,3.0,57000,26.223776,58700,49.423394,58700,49.423394
2016-01-11/2016-01-17,沪五92#汽油,31,31.0,57900,6.99187,62300,31.595577000000002,62300,50.774527
2016-01-11/2016-01-17,沪五95#汽油,7,7.0,66200,14.388489000000002,68500,38.848921000000004,68500,57.553957
2016-01-18/2016-01-24,oil0,13,13.0,18400,19.762846,46600,73.349515,49600,215.5
2016-01-18/2016-01-24,oil93,357,357.0,44500,2.722323,52800,35.315315000000005,55400,180.505415
2016-01-18/2016-01-24,oil97,124,124.0,55200,1.74216,57500,42.5072815,59000,97.269625
2016-01-18/2016-01-24,oil98,15,15.0,46300,5.060729,49800,31.712474,63000,66.666667
2016-01-18/2016-01-24,京五92#汽油,49,49.0,54100,8.460237,59100,33.840948,65700,48.05915
2016-01-18/2016-01-24,京五95#汽油,7,7.0,59100,8.774583999999999,59100,33.840948,66100,86.632826
2016-01-18/2016-01-24,国五0#车用柴油,43,43.0,49900,1.867572,60400,37.156704,61900,177.705977
2016-01-18/2016-01-24,国五92#车用汽油,859,859.0,48500,1.517451,60900,30.349014,65900,257.966616
2016-01-18/2016-01-24,国五95#车用汽油,271,271.0,58500,2.661064,67900,34.202899,71100,72.04611
2016-01-18/2016-01-24,国五98#车用汽油,27,27.0,63900,2.948718,73000,42.48366,78000,66.666667
2016-01-18/2016-01-24,国六92#车用汽油,1,1.0,64600,15.479876,64600,15.479876,64600,15.479876
2016-01-18/2016-01-24,国四0#车用柴油,3,3.0,57900,30.730051,58900,33.670034,58900,44.991510999999996
2016-01-18/2016-01-24,国四90#车用汽油,1,1.0,48500,45.360825,48500,45.360825,48500,45.360825
2016-01-18/2016-01-24,国四93#车用汽油,19,19.0,53000,5.291005,56700,32.0,62200,46.607143
2016-01-18/2016-01-24,国四97#车用汽油,3,3.0,56400,26.341463,60000,29.585798999999998,67300,40.940767
2016-01-18/2016-01-24,沪五0#车用柴油,2,2.0,57000,16.260163000000002,58750,16.871340000000004,60500,17.482517
2016-01-18/2016-01-24,沪五92#汽油,34,34.0,57300,6.225473,61000,31.8907315,62300,63.191153
2016-01-18/2016-01-24,沪五95#汽油,3,3.0,65600,14.388489000000002,68500,28.776978000000003,68500,50.304878
2016-01-25/2016-01-31,oil0,15,15.0,42300,3.883495,48000,46.728972,50100,79.051383
2016-01-25/2016-01-31,oil93,409,409.0,44500,2.508961,52800,35.842294,54800,108.108108
2016-01-25/2016-01-31,oil97,164,164.0,51600,4.819834999999999,57500,41.00014,59400,77.966102
2016-01-25/2016-01-31,oil98,14,14.0,46300,21.141648999999997,61800,51.62037050000001,63000,78.703704
2016-01-25/2016-01-31,京五92#汽油,39,39.0,54100,12.647555,59100,33.726813,59300,67.453626
2016-01-25/2016-01-31,京五95#汽油,7,7.0,58100,30.257185999999997,63100,34.423408,66100,52.950076
2016-01-25/2016-01-31,国五0#车用柴油,31,31.0,55400,8.488964,59900,43.936731,61900,465.195246
2016-01-25/2016-01-31,国五92#车用汽油,932,932.0,48500,0.18018,60600,30.58104,65900,1754.385965
2016-01-25/2016-01-31,国五95#车用汽油,286,286.0,58400,1.686341,68250,33.838670500000006,71400,1384.117647
2016-01-25/2016-01-31,国五98#车用汽油,19,19.0,63900,3.2051279999999998,72500,40.522876000000004,78000,73.964497
2016-01-25/2016-01-31,国四93#车用汽油,26,26.0,53000,0.178571,54500,25.4191035,61100,52.631579
2016-01-25/2016-01-31,国四97#车用汽油,4,4.0,56400,15.748031,61750,46.1814225,63500,64.45993
2016-01-25/2016-01-31,沪五0#车用柴油,3,3.0,57000,24.390244,57000,34.965035,60500,34.965035
2016-01-25/2016-01-31,沪五92#汽油,46,46.0,57300,12.638231,61000,31.6912595,62300,78.178694
2016-01-25/2016-01-31,沪五95#汽油,5,5.0,65600,28.776978000000003,65600,38.109756,68500,60.975609999999996
2016-02-01/2016-02-07,oil0,10,10.0,18400,0.735,18400,50.0,49600,200.0
2016-02-01/2016-02-07,oil93,301,301.0,44500,4.569891999999999,52800,36.166365,55400,90.09009
2016-02-01/2016-02-07,oil97,116,116.0,51600,14.219835,57500,38.016529,59000,93.220339
2016-02-01/2016-02-07,oil98,15,15.0,46300,10.570825,61800,34.412955,63000,86.82170500000001
2016-02-01/2016-02-07,京五92#汽油,28,28.0,54100,15.2207,59100,37.0968095,65700,88.280061
2016-02-01/2016-02-07,京五95#汽油,3,3.0,59100,46.553707,66100,52.45346899999999,66100,52.647504000000005
2016-02-01/2016-02-07,国五0#车用柴油,16,16.0,52300,16.155089,61100,39.32021399999999,61900,135.82343
2016-02-01/2016-02-07,国五92#车用汽油,626,626.0,48500,1.529052,60600,30.349014,65900,106.221548
2016-02-01/2016-02-07,国五95#车用汽油,192,192.0,59300,1.5082959999999999,67900,32.3685165,71400,77.639752
2016-02-01/2016-02-07,国五98#车用汽油,19,19.0,67600,0.185897,75500,39.215686,78000,96.282051
2016-02-01/2016-02-07,国四93#车用汽油,16,16.0,53000,16.666667,55600,22.6521165,61100,42.857143
2016-02-01/2016-02-07,国四97#车用汽油,4,4.0,56400,34.843206,58200,46.553385,63300,59.233449
2016-02-01/2016-02-07,沪五92#汽油,24,24.0,57300,8.130081,61000,32.057951,62300,57.65920799999999
2016-02-01/2016-02-07,沪五95#汽油,6,6.0,65600,29.985007,65900,36.8266365,68500,58.689023999999996
2016-02-08/2016-02-14,oil0,4,4.0,18400,39.525692,33200,50.242718499999995,49600,150.0
2016-02-08/2016-02-14,oil93,112,112.0,44500,2.385321,52800,35.842294,54500,90.09009
2016-02-08/2016-02-14,oil97,57,57.0,50600,1.652893,57500,42.975207,59000,69.586777
2016-02-08/2016-02-14,oil98,6,6.0,49400,3.036437,61800,33.269605500000004,63000,61.72839499999999
2016-02-08/2016-02-14,京五92#汽油,9,9.0,54100,16.920474,59100,28.764805,59100,45.685279
2016-02-08/2016-02-14,京五95#汽油,2,2.0,58100,15.128592999999999,62100,22.022128000000002,66100,28.915663000000002
2016-02-08/2016-02-14,国五0#车用柴油,6,6.0,55400,27.463651000000002,59150,36.6033185,61600,166.944908
2016-02-08/2016-02-14,国五92#车用汽油,274,274.0,48500,2.34375,60600,30.349014,65900,328.63849799999997
2016-02-08/2016-02-14,国五95#车用汽油,87,87.0,58400,0.32714299999999996,67000,34.186747,71400,63.865545999999995
2016-02-08/2016-02-14,国五98#车用汽油,7,7.0,63900,23.913043,74500,39.477123999999996,76500,56.546099
2016-02-08/2016-02-14,国四93#车用汽油,8,8.0,53000,17.543860000000002,57600,31.786407,61100,37.037037
2016-02-08/2016-02-14,国四97#车用汽油,3,3.0,56400,34.843206,56400,34.843206,65900,51.632047
2016-02-08/2016-02-14,沪五0#车用柴油,1,1.0,57000,45.454545,57000,45.454545,57000,45.454545
2016-02-08/2016-02-14,沪五92#汽油,10,10.0,57900,15.797788,61000,31.595577000000002,62300,38.211382
2016-02-15/2016-02-21,oil0,19,19.0,18400,17.900971,47500,50.0,50600,174.690021
2016-02-15/2016-02-21,oil93,338,338.0,44500,2.777778,52700,35.185185,55400,74.074074
2016-02-15/2016-02-21,oil97,130,130.0,51600,5.950413,57500,39.326236,59000,150.190114
2016-02-15/2016-02-21,oil98,12,12.0,43400,3.036437,49400,33.7189725,63000,178.173719
2016-02-15/2016-02-21,京五92#汽油,21,21.0,54100,8.460237,59100,34.686971,59100,51.756007000000004
2016-02-15/2016-02-21,京五95#汽油,3,3.0,58100,25.042301000000002,59100,43.02926,66100,49.470499
2016-02-15/2016-02-21,国五0#车用柴油,39,39.0,49900,1.697793,58900,33.955857,61900,175.746924
2016-02-15/2016-02-21,国五92#车用汽油,725,725.0,48500,0.17719300000000002,60900,30.349014,65700,109.243697
2016-02-15/2016-02-21,国五95#车用汽油,220,220.0,58700,2.1008400000000003,67900,33.237271500000006,71100,112.04481799999999
2016-02-15/2016-02-21,国五98#车用汽油,14,14.0,70500,13.227513,75500,42.156863,78000,60.13071899999999
2016-02-15/2016-02-21,国四0#车用柴油,3,3.0,54000,17.064846,57900,18.518519,58300,32.828283
2016-02-15/2016-02-21,国四93#车用汽油,24,24.0,53000,6.851852,56700,24.4808305,62200,56.481481
2016-02-15/2016-02-21,国四97#车用汽油,2,2.0,60000,31.496063,61750,43.390308000000005,63500,55.284553
2016-02-15/2016-02-21,沪五0#车用柴油,2,2.0,57000,34.965035,58750,50.0028425,60500,65.04065
2016-02-15/2016-02-21,沪五92#汽油,33,33.0,57900,15.797788,61000,31.595577000000002,62300,78.98894200000001
2016-02-15/2016-02-21,沪五95#汽油,2,2.0,65600,45.323741,67050,55.512480499999995,68500,65.70121999999999
2016-02-22/2016-02-28,oil0,9,9.0,45600,20.16129,48000,40.733198,50100,85.43689300000001
2016-02-22/2016-02-28,oil93,270,270.0,44500,1.0,52400,36.4974445,55400,108.108108
2016-02-22/2016-02-28,oil97,97,97.0,51600,12.138843,57500,48.305085,59000,75.78397199999999
2016-02-22/2016-02-28,oil98,8,8.0,43400,5.060729,48300,24.8073785,50600,222.71714900000003
2016-02-22/2016-02-28,京五92#汽油,26,26.0,54100,16.920474,59100,33.840948,65700,60.910320999999996
2016-02-22/2016-02-28,京五95#汽油,2,2.0,58100,33.840948,58600,34.132177999999996,59100,34.423408
2016-02-22/2016-02-28,国五0#车用柴油,43,43.0,52000,5.901639,59900,41.322314,61900,288.46153799999996
2016-02-22/2016-02-28,国五92#车用汽油,779,779.0,48500,1.517451,60500,30.349014,65900,314.28571400000004
2016-02-22/2016-02-28,国五95#车用汽油,257,257.0,57800,1.440922,67000,33.14121,71400,114.14565800000001
2016-02-22/2016-02-28,国五98#车用汽油,15,15.0,63900,12.564103,75500,42.553191,78000,86.228482
2016-02-22/2016-02-28,国四93#车用汽油,17,17.0,53000,16.964285999999998,57000,32.0,62200,52.631579
2016-02-22/2016-02-28,国四97#车用汽油,5,5.0,56400,24.390244,60000,38.373984,63500,53.658537
2016-02-22/2016-02-28,沪五0#车用柴油,2,2.0,57000,34.965035,57000,42.832167999999996,57000,50.699301
2016-02-22/2016-02-28,沪五92#汽油,41,41.0,57300,15.797788,61000,33.158813,62300,49.131122
2016-02-22/2016-02-28,沪五95#汽油,8,8.0,64500,21.582734,68500,41.726619,68500,48.920863
2016-02-29/2016-03-06,oil0,16,16.0,46600,1.2096770000000001,48000,38.696538000000004,49600,159.04365900000002
2016-02-29/2016-03-06,oil93,297,297.0,44500,2.777778,52300,34.791252,54800,103.379722
2016-02-29/2016-03-06,oil97,78,78.0,51600,16.528926000000002,56500,36.8843705,59400,63.937281999999996
2016-02-29/2016-03-06,oil98,9,9.0,42100,10.121457000000001,49400,46.511628,63000,282.110092
2016-02-29/2016-03-06,京五92#汽油,27,27.0,54100,2.5878,59100,33.840948,65700,59.149723
2016-02-29/2016-03-06,京五95#汽油,4,4.0,58100,30.257185999999997,66100,56.88351,66100,76.592083
2016-02-29/2016-03-06,国五0#车用柴油,55,55.0,49900,11.88455,58900,40.747029,61900,150.09380900000002
2016-02-29/2016-03-06,国五92#车用汽油,881,881.0,48500,1.564945,60900,30.500759000000002,65900,492.610837
2016-02-29/2016-03-06,国五95#车用汽油,302,302.0,58400,2.575107,67900,32.9621845,71100,72.829132
2016-02-29/2016-03-06,国五98#车用汽油,19,19.0,63900,26.143791,71500,45.751634,76500,69.934641
2016-02-29/2016-03-06,国四0#车用柴油,3,3.0,49100,31.409167999999998,56500,35.39823,58900,60.48387099999999
2016-02-29/2016-03-06,国四93#车用汽油,15,15.0,53000,17.543860000000002,56700,35.087719,62200,65.17857099999999
2016-02-29/2016-03-06,国四97#车用汽油,9,9.0,56400,15.679443,60000,34.843206,63400,47.318612
2016-02-29/2016-03-06,沪五0#车用柴油,2,2.0,57000,34.965035,58750,56.506907500000004,60500,78.04878000000001
2016-02-29/2016-03-06,沪五92#汽油,53,53.0,57300,6.504065,61000,31.595577000000002,62300,53.264605
2016-02-29/2016-03-06,沪五95#汽油,3,3.0,65600,28.201220000000003,65600,37.553957000000004,68500,59.908537
2016-03-07/2016-03-13,oil0,17,17.0,46600,2.5,48000,40.322581,50600,239.91683999999998
2016-03-07/2016-03-13,oil93,319,319.0,44500,2.6881720000000002,51500,36.697247999999995,54900,78.739777
2016-03-07/2016-03-13,oil97,77,77.0,51600,16.528926000000002,57500,37.852113,59000,80.991736
2016-03-07/2016-03-13,oil98,6,6.0,42100,10.121457000000001,49150,40.4510215,63000,60.728744999999996
2016-03-07/2016-03-13,京五92#汽油,26,26.0,54100,6.260575,59100,35.5822555,65700,47.134935
2016-03-07/2016-03-13,京五95#汽油,2,2.0,66100,28.612303000000004,68000,36.999041000000005,69900,45.385779
2016-03-07/2016-03-13,国五0#车用柴油,45,45.0,49900,16.155089,61100,36.672326,61900,403.877221
2016-03-07/2016-03-13,国五92#车用汽油,869,869.0,48500,1.7241380000000002,60600,30.349014,65900,168.067227
2016-03-07/2016-03-13,国五95#车用汽油,256,256.0,58400,2.2935779999999997,67000,35.563719500000005,71100,94.73524499999999
2016-03-07/2016-03-13,国五98#车用汽油,16,16.0,63900,0.12820499999999999,75550,35.5706385,78000,54.421769
2016-03-07/2016-03-13,国四0#车用柴油,1,1.0,56500,35.39823,56500,35.39823,56500,35.39823
2016-03-07/2016-03-13,国四93#车用汽油,19,19.0,53000,8.771930000000001,57000,32.142857,62200,176.366843
2016-03-07/2016-03-13,国四97#车用汽油,3,3.0,56400,34.843206,56400,34.843206,60000,66.666667
2016-03-07/2016-03-13,沪五0#车用柴油,2,2.0,57000,24.711697,57850,39.89081350000001,58700,55.06993000000001
2016-03-07/2016-03-13,沪五92#汽油,42,42.0,57300,12.638231,61000,33.7628865,62300,58.41924399999999
2016-03-07/2016-03-13,沪五95#汽油,4,4.0,65600,25.899281,65600,37.347561,68500,51.067073
2016-03-14/2016-03-20,oil0,16,16.0,37300,19.762846,48000,34.431619500000004,50100,85.539715
2016-03-14/2016-03-20,oil93,339,339.0,44500,1.851852,52300,35.842294,55400,252.707581
2016-03-14/2016-03-20,oil97,89,89.0,51600,7.107438,56500,42.517007,59000,115.702479
2016-03-14/2016-03-20,oil98,12,12.0,42100,4.048583,49400,39.334652000000006,63000,217.88990800000002
2016-03-14/2016-03-20,京五92#汽油,26,26.0,54100,1.920518,54100,33.840948,59100,51.94085
2016-03-14/2016-03-20,京五95#汽油,6,6.0,58100,34.423408,58100,42.9763505,69900,56.282272
2016-03-14/2016-03-20,国五0#车用柴油,67,67.0,49900,4.923598999999999,58400,47.172859,61900,228.471002
2016-03-14/2016-03-20,国五92#车用汽油,961,961.0,48500,1.5503879999999999,60600,30.349014,65900,151.745068
2016-03-14/2016-03-20,国五95#车用汽油,305,305.0,58400,1.424501,67900,32.258065,71400,119.047619
2016-03-14/2016-03-20,国五98#车用汽油,24,24.0,69000,13.071895,75500,39.215686,76500,66.013072
2016-03-14/2016-03-20,国四0#车用柴油,6,6.0,56500,5.093379,58400,28.719567,58900,123.893805
2016-03-14/2016-03-20,国四93#车用汽油,28,28.0,53000,6.197655,59700,17.543860000000002,62200,80.40201
2016-03-14/2016-03-20,国四97#车用汽油,4,4.0,56400,15.748031,63450,20.521825,63500,44.164038
2016-03-14/2016-03-20,沪五0#车用柴油,5,5.0,57000,32.948929,58700,57.867132999999995,60500,227.272727
2016-03-14/2016-03-20,沪五92#汽油,44,44.0,57900,8.591064999999999,61000,33.769808,62300,68.728522
2016-03-14/2016-03-20,沪五95#汽油,13,13.0,65600,2.733813,65600,41.158537,68500,67.83536600000001
2016-03-21/2016-03-27,oil0,4,4.0,46600,20.16129,47350,31.073237,48300,207.90020800000002
2016-03-21/2016-03-27,oil93,158,158.0,44500,3.584229,52300,36.036035999999996,54800,66.914498
2016-03-21/2016-03-27,oil97,40,40.0,50600,16.949153,56500,40.6413235,59000,68.728522
2016-03-21/2016-03-27,oil98,4,4.0,42100,30.364371999999996,50000,62.015504,63000,458.715596
2016-03-21/2016-03-27,京五92#汽油,23,23.0,50600,3.696858,54100,33.840948,59100,58.139534999999995
2016-03-21/2016-03-27,京五95#汽油,3,3.0,58200,33.783784000000004,58200,34.364261,59200,34.364261
2016-03-21/2016-03-27,国五0#普通柴油,2,2.0,42100,119.26605500000001,42100,174.3119265,42100,229.357798
2016-03-21/2016-03-27,国五0#车用柴油,71,71.0,43500,3.092784,49500,42.826552,61900,339.91684
2016-03-21/2016-03-27,国五89#车用汽油,2,2.0,49400,20.242915,49400,25.3036435,49400,30.364371999999996
2016-03-21/2016-03-27,国五92#车用汽油,1049,1049.0,5800,0.37735799999999997,54300,32.818533,65900,396.55172400000004
2016-03-21/2016-03-27,国五95#车用汽油,317,317.0,48800,1.6806720000000002,59500,35.714286,71400,89.256198
2016-03-21/2016-03-27,国五98#车用汽油,20,20.0,46300,0.148368,65700,51.7901235,75700,75.55555600000001
2016-03-21/2016-03-27,国四0#车用柴油,6,6.0,47600,3.061224,48000,55.720989,56500,102.040816
2016-03-21/2016-03-27,国四93#车用汽油,67,67.0,50500,1.851852,53000,28.037383000000002,59700,72.595281
2016-03-21/2016-03-27,国四97#车用汽油,19,19.0,55400,29.616725,56400,34.843206,63400,87.108014
2016-03-21/2016-03-27,沪五0#车用柴油,1,1.0,60500,121.95121999999999,60500,121.95121999999999,60500,121.95121999999999
2016-03-21/2016-03-27,沪五92#汽油,82,82.0,50000,10.0,52900,36.239607,62300,63.097514000000004
2016-03-21/2016-03-27,沪五95#汽油,11,11.0,56500,15.243901999999999,58800,42.517007,68500,52.473763
2016-03-28/2016-04-03,京五0#普通柴油,4,4.0,42100,33.944953999999996,42100,114.678899,42100,357.798165
2016-03-28/2016-04-03,京五92#汽油,28,28.0,50600,9.416196000000001,51600,39.525692,53100,63.37209300000001
2016-03-28/2016-04-03,京五95#汽油,6,6.0,58200,3.4364260000000004,58700,30.827703,59200,42.439863
2016-03-28/2016-04-03,国五0#车用柴油,65,65.0,45400,12.989691,48000,46.601942,50700,600.0
2016-03-28/2016-04-03,国五89#车用汽油,7,7.0,49400,4.251012,49400,12.145749,49400,40.48583
2016-03-28/2016-04-03,国五92#车用汽油,1169,1169.0,44400,1.7921150000000001,52200,35.842294,55800,181.132075
2016-03-28/2016-04-03,国五95#车用汽油,378,378.0,50500,1.6949150000000002,57500,38.022814000000004,60500,443.554007
2016-03-28/2016-04-03,国五98#车用汽油,27,27.0,47200,1.547988,61800,42.438272,78000,1269.102564
2016-03-28/2016-04-03,国四0#车用柴油,4,4.0,48000,34.274194,49450,149.834637,50600,691.699605
2016-03-28/2016-04-03,国四90#车用汽油,2,2.0,47200,31.120332,48600,39.060166,50000,47.0
2016-03-28/2016-04-03,国四93#车用汽油,94,94.0,50000,1.851852,53000,37.037037,55100,60.185185
2016-03-28/2016-04-03,国四97#车用汽油,26,26.0,55400,17.421603,56400,34.843206,57400,69.68641099999999
2016-03-28/2016-04-03,沪五0#车用柴油,2,2.0,48300,40.733198,48300,75.3564155,48300,109.979633
2016-03-28/2016-04-03,沪五92#汽油,75,75.0,50000,4.12758,51800,36.166365,55100,65.666041
2016-03-28/2016-04-03,沪五95#汽油,10,10.0,56500,28.911565000000003,57900,34.013605,58800,99.489796
2016-04-04/2016-04-10,oil93,1,1.0,54000,63.063063,54000,63.063063,54000,63.063063
2016-04-04/2016-04-10,京五0#普通柴油,2,2.0,42100,110.091743,42100,190.0412845,42100,269.99082599999997
2016-04-04/2016-04-10,京五92#汽油,15,15.0,50600,2.51938,51600,39.525692,53100,47.43083
2016-04-04/2016-04-10,京五95#汽油,8,8.0,56700,7.731959,56700,35.273369,58200,97.88359799999999
2016-04-04/2016-04-10,国五0#农机柴油,1,1.0,46400,42.643923,46400,42.643923,46400,42.643923
2016-04-04/2016-04-10,国五0#车用柴油,77,77.0,39600,2.0161290000000003,48000,42.424242,51500,462.68656699999997
2016-04-04/2016-04-10,国五89#车用汽油,2,2.0,49400,10.121457000000001,49400,20.242914499999998,49400,30.364371999999996
2016-04-04/2016-04-10,国五92#车用汽油,1150,1150.0,5800,1.8587360000000002,51800,35.842294,55800,344.827586
2016-04-04/2016-04-10,国五95#车用汽油,363,363.0,49400,2.479339,57500,39.669421,60500,126.446281
2016-04-04/2016-04-10,国五98#车用汽油,18,18.0,58800,24.271845000000003,62750,50.622082999999996,66700,111.11111100000001
2016-04-04/2016-04-10,国四0#车用柴油,5,5.0,48000,10.080645,49100,30.241934999999998,50100,56.324111
2016-04-04/2016-04-10,国四90#车用汽油,4,4.0,46300,16.0,46300,30.7610995,50000,56.65961899999999
2016-04-04/2016-04-10,国四93#车用汽油,110,110.0,49000,3.148148,53000,35.3902,55100,74.074074
2016-04-04/2016-04-10,国四97#车用汽油,26,26.0,52400,17.391304,56400,34.843206,57500,69.68641099999999
2016-04-04/2016-04-10,沪五0#车用柴油,4,4.0,48900,39.138943,49000,40.9544,49100,101.832994
2016-04-04/2016-04-10,沪五92#汽油,71,71.0,50000,8.604207,51800,38.240918,55100,74.552684
2016-04-04/2016-04-10,沪五95#汽油,11,11.0,56500,34.013605,58600,52.816901,58800,68.027211
2016-04-11/2016-04-17,京五0#普通柴油,3,3.0,42100,68.807339,42100,114.678899,42100,206.42201799999998
2016-04-11/2016-04-17,京五92#汽油,15,15.0,50600,13.043478,50600,38.75969,53100,59.298418999999996
2016-04-11/2016-04-17,京五95#汽油,3,3.0,58200,33.783784000000004,59200,34.364261,59200,46.452703
2016-04-11/2016-04-17,国五0#农机柴油,1,1.0,36300,27.173913,36300,27.173913,36300,27.173913
2016-04-11/2016-04-17,国五0#车用柴油,84,84.0,40600,19.455253,48550,41.2308015,51500,250.0
2016-04-11/2016-04-17,国五89#车用汽油,3,3.0,49400,3.036437,49400,10.121457000000001,49400,22.267205999999998
2016-04-11/2016-04-17,国五92#车用汽油,1342,1342.0,44400,1.7921150000000001,52000,35.842294,58000,180.505415
2016-04-11/2016-04-17,国五95#车用汽油,391,391.0,48500,0.8264459999999999,57500,35.211268,60500,99.17355400000001
2016-04-11/2016-04-17,国五98#车用汽油,40,40.0,50600,3.700906,62500,42.592592499999995,78000,91.85185200000001
2016-04-11/2016-04-17,国四90#车用汽油,5,5.0,46300,15.767635,47200,21.141648999999997,50000,40.0
2016-04-11/2016-04-17,国四93#车用汽油,120,120.0,49000,3.148148,53000,37.037037,54800,186.915888
2016-04-11/2016-04-17,国四97#车用汽油,27,27.0,55400,12.195122,56400,34.843206,57400,69.68641099999999
2016-04-11/2016-04-17,沪五0#车用柴油,5,5.0,48900,39.138943,49100,59.063136,51100,146.771037
2016-04-11/2016-04-17,沪五92#汽油,68,68.0,49600,9.041591,51800,36.725629999999995,55100,62.85178199999999
2016-04-11/2016-04-17,沪五95#汽油,17,17.0,56300,17.605634,56500,51.020408,58800,66.90140799999999
2016-04-18/2016-04-24,京五0#普通柴油,4,4.0,42100,31.192660999999998,42100,126.14678899999998,42100,318.807339
2016-04-18/2016-04-24,京五92#汽油,25,25.0,50600,9.881423,50600,39.525692,53100,65.612648
2016-04-18/2016-04-24,京五95#汽油,2,2.0,56700,16.891892000000002,57950,21.673459,59200,26.455026
2016-04-18/2016-04-24,国五0#车用柴油,100,100.0,41600,2.0161290000000003,48500,40.40404,51500,155.65032
2016-04-18/2016-04-24,国五89#车用汽油,3,3.0,49400,3.036437,49400,13.967610999999998,49400,34.412955
2016-04-18/2016-04-24,国五92#车用汽油,1337,1337.0,43800,0.566038,52200,35.842294,58000,597.670251
2016-04-18/2016-04-24,国五95#车用汽油,447,447.0,48500,2.436975,57500,40.0,60500,91.40495899999999
2016-04-18/2016-04-24,国五98#车用汽油,33,33.0,50600,8.090615,62500,55.732484,66700,129.449838
2016-04-18/2016-04-24,国四0#车用柴油,6,6.0,45500,20.16129,49750,49.7489195,50100,60.276680000000006
2016-04-18/2016-04-24,国四90#车用汽油,1,1.0,46300,21.141648999999997,46300,21.141648999999997,46300,21.141648999999997
2016-04-18/2016-04-24,国四93#车用汽油,124,124.0,49000,5.185185,53000,36.7666935,54800,62.962963
2016-04-18/2016-04-24,国四97#车用汽油,25,25.0,52400,16.920474,56400,34.843206,59100,68.815331
2016-04-18/2016-04-24,沪五0#车用柴油,2,2.0,48900,61.099796,48900,61.099796,48900,61.099796
2016-04-18/2016-04-24,沪五92#汽油,103,103.0,49600,18.083183,51800,38.966203,55100,62.85178199999999
2016-04-18/2016-04-24,沪五95#汽油,20,20.0,54600,17.006803,56500,46.2417365,58800,79.931973
2016-04-25/2016-05-01,京五0#普通柴油,1,1.0,43400,242.76614700000002,43400,242.76614700000002,43400,242.76614700000002
2016-04-25/2016-05-01,京五92#汽油,12,12.0,50600,18.899082999999997,54700,31.8761385,54900,45.537341
2016-04-25/2016-05-01,国五0#农机柴油,1,1.0,35800,27.548209000000003,35800,27.548209000000003,35800,27.548209000000003
2016-04-25/2016-05-01,国五0#车用柴油,78,78.0,40700,4.948454,49600,40.836179,52100,198.412698
2016-04-25/2016-05-01,国五89#车用汽油,7,7.0,49400,2.988048,50200,10.121457000000001,50200,24.291498
2016-04-25/2016-05-01,国五92#车用汽油,1141,1141.0,44400,1.7482520000000001,53200,34.965035,61300,398.550725
2016-04-25/2016-05-01,国五95#车用汽油,387,387.0,50500,2.0373509999999997,58900,36.036035999999996,61900,1167.073171
2016-04-25/2016-05-01,国五98#车用汽油,29,29.0,50600,14.471779999999999,64100,44.444444,68300,74.24023199999999
2016-04-25/2016-05-01,国四90#车用汽油,3,3.0,46300,20.746888000000002,47200,29.387755,49000,45.454545
2016-04-25/2016-05-01,国四93#车用汽油,118,118.0,49000,1.808318,54300,36.166365,56400,65.37753199999999
2016-04-25/2016-05-01,国四97#车用汽油,23,23.0,52400,17.035775,57400,45.993031,57900,81.771721
2016-04-25/2016-05-01,沪五0#车用柴油,7,7.0,49500,28.571429,50300,47.619048,50500,79.207921
2016-04-25/2016-05-01,沪五92#汽油,76,76.0,50000,7.680233,53100,37.4184425,56400,59.706959999999995
2016-04-25/2016-05-01,沪五95#汽油,29,29.0,52200,14.964789000000001,57200,49.833887,60200,134.551495
2016-05-02/2016-05-08,京五92#汽油,6,6.0,51600,2.91439,54700,21.0006515,54900,36.429871999999996
2016-05-02/2016-05-08,京五95#汽油,1,1.0,60600,55.280528000000004,60600,55.280528000000004,60600,55.280528000000004
2016-05-02/2016-05-08,国五0#车用柴油,34,34.0,39800,2.0161290000000003,49900,43.995063,52100,427.30844800000006
2016-05-02/2016-05-08,国五89#车用汽油,1,1.0,50200,27.888446000000002,50200,27.888446000000002,50200,27.888446000000002
2016-05-02/2016-05-08,国五92#车用汽油,455,455.0,45800,1.7482520000000001,53500,34.965035,57200,195.3125
2016-05-02/2016-05-08,国五95#车用汽油,162,162.0,49900,1.615509,58900,37.249357,61900,113.82113799999999
2016-05-02/2016-05-08,国五98#车用汽油,12,12.0,50600,28.943559999999998,65350,49.213658,69900,1483.5311570000001
2016-05-02/2016-05-08,国四93#车用汽油,54,54.0,49300,1.808318,54300,32.3227275,56100,54.249548
2016-05-02/2016-05-08,国四97#车用汽油,16,16.0,53700,16.806723,57700,49.869659,59500,58.823529
2016-05-02/2016-05-08,沪五0#车用柴油,1,1.0,50500,46.095238,50500,46.095238,50500,46.095238
2016-05-02/2016-05-08,沪五92#汽油,29,29.0,50900,17.667845,53600,36.630037,56400,57.462687
2016-05-02/2016-05-08,沪五95#汽油,15,15.0,56000,17.182131,57900,33.222590999999994,60200,83.056478
2016-05-09/2016-05-15,京五0#普通柴油,1,1.0,43200,256.619687,43200,256.619687,43200,256.619687
2016-05-09/2016-05-15,京五92#汽油,12,12.0,51600,19.379845,54700,26.479878499999998,55900,48.837209
2016-05-09/2016-05-15,京五95#汽油,2,2.0,60600,29.220778999999997,61100,42.2506535,61600,55.280528000000004
2016-05-09/2016-05-15,国五0#车用柴油,93,93.0,41700,2.895753,50300,39.370079,53000,220.0
2016-05-09/2016-05-15,国五89#车用汽油,1,1.0,50600,32.608696,50600,32.608696,50600,32.608696
2016-05-09/2016-05-15,国五92#车用汽油,1265,1265.0,45500,0.182815,54100,34.423408,61700,490.978887
2016-05-09/2016-05-15,国五95#车用汽油,381,381.0,50000,2.540984,60000,34.482759,63000,81.342062
2016-05-09/2016-05-15,国五98#车用汽油,30,30.0,50600,1.430615,64100,51.97513,69900,87.55426899999999
2016-05-09/2016-05-15,国四0#车用柴油,7,7.0,50300,18.903592,51400,44.315992,52900,264.650284
2016-05-09/2016-05-15,国四90#车用汽油,2,2.0,48800,4.417671,48800,12.248995999999998,48800,20.080320999999998
2016-05-09/2016-05-15,国四93#车用汽油,165,165.0,50300,1.779359,54500,32.02847,57400,119.349005
2016-05-09/2016-05-15,国四97#车用汽油,30,30.0,53700,16.806723,58250,33.8424975,59800,86.882453
2016-05-09/2016-05-15,沪五0#车用柴油,1,1.0,51500,56.074766000000004,51500,56.074766000000004,51500,56.074766000000004
2016-05-09/2016-05-15,沪五92#汽油,96,96.0,51300,1.901141,53500,35.050146999999996,57400,67.11026600000001
2016-05-09/2016-05-15,沪五95#汽油,33,33.0,56000,8.972268,58300,48.939640999999995,61300,74.225122
2016-05-16/2016-05-22,京五0#普通柴油,1,1.0,43200,212.52796400000003,43200,212.52796400000003,43200,212.52796400000003
2016-05-16/2016-05-22,京五92#汽油,8,8.0,51600,17.889088,55900,27.951698999999998,55900,40.429338
2016-05-16/2016-05-22,京五95#汽油,2,2.0,61600,7.305194999999999,61600,11.7694805,61600,16.233766
2016-05-16/2016-05-22,国五0#农机柴油,1,1.0,36100,136.612022,36100,136.612022,36100,136.612022
2016-05-16/2016-05-22,国五0#车用柴油,76,76.0,43600,1.964637,51000,39.6850395,53800,400.0
2016-05-16/2016-05-22,国五92#车用汽油,1246,1246.0,45800,0.178571,54100,34.423408,58100,383.877159
2016-05-16/2016-05-22,国五95#车用汽油,349,349.0,50900,1.587302,60000,38.919048,63000,91.056911
2016-05-16/2016-05-22,国五98#车用汽油,38,38.0,50600,13.473054000000001,64550,47.030654,69900,143.06151599999998
2016-05-16/2016-05-22,国四0#车用柴油,3,3.0,48000,37.735849,50000,56.710775,51900,56.969697
2016-05-16/2016-05-22,国四93#车用汽油,153,153.0,51200,1.779359,55200,33.807829,57100,64.05694
2016-05-16/2016-05-22,国四97#车用汽油,33,33.0,54800,8.361203999999999,58800,43.478260999999996,59800,63.712375
2016-05-16/2016-05-22,沪五0#车用柴油,4,4.0,50500,19.417476,51300,33.64486,53500,58.252427000000004
2016-05-16/2016-05-22,沪五92#汽油,117,117.0,51900,1.7482520000000001,54100,35.971222999999995,57400,66.840278
2016-05-16/2016-05-22,沪五95#汽油,27,27.0,57100,32.626427,58300,50.590219,61300,67.699837
2016-05-23/2016-05-29,京五0#普通柴油,2,2.0,44900,129.31034499999998,44900,160.56034499999998,44900,191.81034499999998
2016-05-23/2016-05-29,京五92#汽油,13,13.0,54600,1.7921150000000001,55900,27.472527000000003,57100,58.303886999999996
2016-05-23/2016-05-29,京五95#汽油,2,2.0,58400,16.220779,60000,16.672033499999998,61600,17.123288
2016-05-23/2016-05-29,国五0#车用柴油,64,64.0,47700,9.328358,51600,37.66812350000001,55600,135.559921
2016-05-23/2016-05-29,国五89#车用汽油,2,2.0,53000,18.518519,53000,25.0,53000,31.481481
2016-05-23/2016-05-29,国五92#车用汽油,1085,1085.0,44700,0.18867899999999999,55800,33.444815999999996,59800,167.22408000000001
2016-05-23/2016-05-29,国五95#车用汽油,303,303.0,50900,1.644737,61000,39.655172,64800,83.770492
2016-05-23/2016-05-29,国五98#车用汽油,23,23.0,62400,4.034582,64500,43.227666,69400,77.713459
2016-05-23/2016-05-29,国四0#车用柴油,1,1.0,54700,9.140768,54700,9.140768,54700,9.140768
2016-05-23/2016-05-29,国四93#车用汽油,149,149.0,51200,2.5906740000000004,55700,34.542314000000005,58700,60.44905
2016-05-23/2016-05-29,国四97#车用汽油,22,22.0,54800,25.083612,60250,43.9024395,61500,75.25083599999999
2016-05-23/2016-05-29,沪五0#车用柴油,2,2.0,51300,34.951456,51750,42.3851485,52200,49.818841
2016-05-23/2016-05-29,沪五92#汽油,108,108.0,51900,9.225092,55000,35.0524475,59000,60.326087
2016-05-23/2016-05-29,沪五95#汽油,30,30.0,57100,11.904762,60000,47.540984,63000,76.271186
2016-05-30/2016-06-05,京五92#汽油,1,1.0,54600,18.315018,54600,18.315018,54600,18.315018
2016-05-30/2016-06-05,国五0#车用柴油,2,2.0,51100,21.582734,52350,29.985225,53600,38.387716
2016-05-30/2016-06-05,国五92#车用汽油,62,62.0,48400,2.693603,56300,33.444815999999996,59800,80.97166
2016-05-30/2016-06-05,国五95#车用汽油,19,19.0,54400,15.432099,62000,40.0,64000,68.0
2016-05-30/2016-06-05,国五98#车用汽油,1,1.0,68200,48.920863,68200,48.920863,68200,48.920863
2016-05-30/2016-06-05,国四93#车用汽油,2,2.0,56900,32.815199,56900,36.26943,56900,39.723661
2016-05-30/2016-06-05,国四97#车用汽油,1,1.0,59600,48.076923,59600,48.076923,59600,48.076923
2016-05-30/2016-06-05,沪五92#汽油,2,2.0,53900,31.468531,55050,40.4575125,56200,49.446494
2016-05-30/2016-06-05,沪五95#汽油,1,1.0,60000,31.746032,60000,31.746032,60000,31.746032
